timestamp,pressure_bar,temp_C,flow_Lps,label
2024-01-01 00:00:00,280.8,84.9,11.67,0
2024-01-01 01:00:00,277.4,86.1,12.18,0
2024-01-01 02:00:00,281.9,82.7,11.3,0
2024-01-01 03:00:00,282.4,83.5,12.72,0
2024-01-01 04:00:00,275.1,84.1,11.93,0
2024-01-01 05:00:00,276.7,86.5,12.15,0
2024-01-01 06:00:00,280.3,85.3,13.16,0
2024-01-01 07:00:00,279.2,85.8,12.76,0
2024-01-01 08:00:00,280.0,83.9,11.85,0
2024-01-01 09:00:00,277.9,83.9,11.7,0
2024-01-01 10:00:00,282.2,85.4,11.84,0
2024-01-01 11:00:00,281.9,85.1,12.25,0
2024-01-01 12:00:00,280.2,85.5,11.95,0
2024-01-01 13:00:00,282.8,84.8,11.8,0
2024-01-01 14:00:00,281.2,85.3,12.73,0
2024-01-01 15:00:00,277.9,85.2,11.94,0
2024-01-01 16:00:00,280.9,85.8,13.15,0
2024-01-01 17:00:00,277.6,85.8,12.05,0
2024-01-01 18:00:00,282.2,83.4,12.89,0
2024-01-01 19:00:00,279.9,82.8,12.18,0
2024-01-01 20:00:00,279.5,86.0,12.48,0
2024-01-01 21:00:00,278.3,86.2,11.64,0
2024-01-01 22:00:00,283.1,84.0,11.57,0
2024-01-01 23:00:00,279.6,83.1,12.23,0
2024-01-02 00:00:00,278.9,85.1,12.49,0
2024-01-02 01:00:00,279.1,85.9,12.02,0
2024-01-02 02:00:00,281.3,86.8,11.36,0
2024-01-02 03:00:00,280.9,85.5,11.32,0
2024-01-02 04:00:00,281.0,84.6,11.29,0
2024-01-02 05:00:00,281.1,84.1,11.12,0
2024-01-02 06:00:00,285.4,85.0,12.05,0
2024-01-02 07:00:00,279.0,84.7,12.56,0
2024-01-02 08:00:00,278.7,84.0,11.99,0
2024-01-02 09:00:00,278.0,87.0,10.87,0
2024-01-02 10:00:00,281.5,86.8,11.9,0
2024-01-02 11:00:00,282.8,86.1,11.92,0
2024-01-02 12:00:00,279.7,84.1,13.05,0
2024-01-02 13:00:00,277.9,85.9,11.27,0
2024-01-02 14:00:00,277.9,85.6,11.8,0
2024-01-02 15:00:00,281.6,85.4,12.85,0
2024-01-02 16:00:00,281.9,86.2,12.22,0
2024-01-02 17:00:00,281.4,85.6,12.28,0
2024-01-02 18:00:00,278.3,85.7,12.06,0
2024-01-02 19:00:00,280.6,85.6,12.16,0
2024-01-02 20:00:00,280.3,85.3,12.39,0
2024-01-02 21:00:00,280.5,83.2,11.6,0
2024-01-02 22:00:00,282.2,85.1,12.44,0
2024-01-02 23:00:00,280.6,84.4,11.31,0
2024-01-03 00:00:00,281.7,83.7,12.16,0
2024-01-03 01:00:00,280.2,86.7,12.09,0
2024-01-03 02:00:00,280.7,86.7,11.69,0
2024-01-03 03:00:00,281.6,86.4,11.99,0
2024-01-03 04:00:00,276.4,85.3,11.69,0
2024-01-03 05:00:00,279.2,86.4,11.46,0
2024-01-03 06:00:00,278.8,85.0,11.82,0
2024-01-03 07:00:00,278.4,85.2,11.45,0
2024-01-03 08:00:00,279.3,83.9,12.16,0
2024-01-03 09:00:00,283.7,85.4,11.42,0
2024-01-03 10:00:00,277.8,85.1,12.36,0
2024-01-03 11:00:00,282.4,83.7,11.41,0
2024-01-03 12:00:00,275.8,84.9,11.72,0
2024-01-03 13:00:00,279.2,84.9,11.69,0
2024-01-03 14:00:00,280.4,86.8,12.66,0
2024-01-03 15:00:00,281.5,85.9,12.17,0
2024-01-03 16:00:00,281.8,85.0,11.89,0
2024-01-03 17:00:00,282.0,85.2,12.25,0
2024-01-03 18:00:00,279.1,85.0,10.95,0
2024-01-03 19:00:00,278.8,84.8,11.98,0
2024-01-03 20:00:00,282.1,83.9,13.0,0
2024-01-03 21:00:00,279.5,84.8,12.07,0
2024-01-03 22:00:00,276.8,84.3,12.03,0
2024-01-03 23:00:00,277.2,83.7,12.27,0
2024-01-04 00:00:00,277.7,85.5,12.45,0
2024-01-04 01:00:00,281.2,85.4,11.0,0
2024-01-04 02:00:00,280.4,83.2,11.16,0
2024-01-04 03:00:00,281.7,84.9,12.11,0
2024-01-04 04:00:00,278.9,86.0,11.64,0
2024-01-04 05:00:00,280.4,86.1,12.66,0
2024-01-04 06:00:00,281.6,86.0,11.84,0
2024-01-04 07:00:00,279.2,85.0,11.03,0
2024-01-04 08:00:00,281.1,84.2,11.37,0
2024-01-04 09:00:00,278.3,83.9,10.63,0
2024-01-04 10:00:00,279.1,85.3,11.88,0
2024-01-04 11:00:00,279.0,85.4,11.91,0
2024-01-04 12:00:00,277.0,86.3,11.79,0
2024-01-04 13:00:00,281.2,86.1,12.54,0
2024-01-04 14:00:00,278.8,84.9,12.6,0
2024-01-04 15:00:00,280.0,83.8,11.91,0
2024-01-04 16:00:00,281.2,84.7,10.93,0
2024-01-04 17:00:00,281.1,85.2,12.31,0
2024-01-04 18:00:00,,84.8,12.28,0
2024-01-04 19:00:00,279.8,84.4,12.15,0
2024-01-04 20:00:00,278.9,85.3,12.49,0
2024-01-04 21:00:00,279.8,84.5,11.42,0
2024-01-04 22:00:00,275.8,84.4,13.0,0
2024-01-04 23:00:00,276.4,85.3,11.52,0
2024-01-05 00:00:00,276.7,84.6,12.37,0
2024-01-05 01:00:00,277.5,85.2,11.16,0
2024-01-05 02:00:00,281.0,85.3,11.53,0
2024-01-05 03:00:00,277.7,83.9,12.76,0
2024-01-05 04:00:00,279.1,84.5,11.87,0
2024-01-05 05:00:00,283.2,86.4,12.42,0
2024-01-05 06:00:00,279.1,83.8,12.12,0
2024-01-05 07:00:00,281.8,82.9,11.95,0
2024-01-05 08:00:00,277.7,83.1,12.68,0
2024-01-05 09:00:00,279.5,85.0,11.88,0
2024-01-05 10:00:00,277.6,85.0,11.11,0
2024-01-05 11:00:00,279.2,84.9,11.6,0
2024-01-05 12:00:00,282.1,86.2,12.28,0
2024-01-05 13:00:00,275.7,82.3,12.2,0
2024-01-05 14:00:00,281.1,85.4,11.22,0
2024-01-05 15:00:00,280.6,86.6,11.64,0
2024-01-05 16:00:00,278.5,83.9,11.71,0
2024-01-05 17:00:00,276.4,84.6,11.82,0
2024-01-05 18:00:00,280.2,84.2,11.31,0
2024-01-05 19:00:00,278.7,84.1,11.69,0
2024-01-05 20:00:00,280.6,84.7,11.64,0
2024-01-05 21:00:00,280.1,86.4,12.39,0
2024-01-05 22:00:00,284.0,86.8,12.4,0
2024-01-05 23:00:00,279.4,84.7,11.93,0
2024-01-06 00:00:00,277.4,86.9,11.8,0
2024-01-06 01:00:00,280.4,85.0,12.07,0
2024-01-06 02:00:00,280.5,86.8,11.59,0
2024-01-06 03:00:00,283.4,84.9,11.43,0
2024-01-06 04:00:00,282.1,85.1,11.53,0
2024-01-06 05:00:00,280.9,85.4,11.68,0
2024-01-06 06:00:00,283.7,88.2,11.42,0
2024-01-06 07:00:00,277.0,85.9,12.08,0
2024-01-06 08:00:00,278.4,84.3,12.36,0
2024-01-06 09:00:00,277.7,86.0,11.21,0
2024-01-06 10:00:00,279.0,84.6,12.01,0
2024-01-06 11:00:00,276.6,84.5,11.89,0
2024-01-06 12:00:00,281.6,85.9,12.17,0
2024-01-06 13:00:00,279.4,85.0,11.99,0
2024-01-06 14:00:00,276.3,85.3,11.27,0
2024-01-06 15:00:00,277.5,85.0,11.37,0
2024-01-06 16:00:00,280.8,85.3,12.01,0
2024-01-06 17:00:00,282.1,85.4,12.51,0
2024-01-06 18:00:00,285.0,83.1,10.89,0
2024-01-06 19:00:00,287.3,85.7,12.17,0
2024-01-06 20:00:00,281.0,84.0,12.59,0
2024-01-06 21:00:00,,83.6,11.92,0
2024-01-06 22:00:00,274.7,84.9,12.28,0
2024-01-06 23:00:00,280.7,85.1,11.65,0
2024-01-07 00:00:00,278.0,84.3,11.94,0
2024-01-07 01:00:00,279.0,85.8,11.19,0
2024-01-07 02:00:00,278.5,83.7,10.83,0
2024-01-07 03:00:00,279.6,84.6,12.47,0
2024-01-07 04:00:00,282.7,84.4,11.51,0
2024-01-07 05:00:00,280.4,85.0,11.77,0
2024-01-07 06:00:00,279.6,82.3,9.95,1
2024-01-07 07:00:00,276.1,81.0,9.94,1
2024-01-07 08:00:00,273.2,82.7,10.48,1
2024-01-07 09:00:00,274.9,82.1,10.24,1
2024-01-07 10:00:00,274.6,80.1,10.73,1
2024-01-07 11:00:00,277.9,80.0,10.76,1
2024-01-07 12:00:00,272.5,82.0,10.7,1
2024-01-07 13:00:00,273.3,81.8,10.66,1
2024-01-07 14:00:00,268.3,81.9,11.25,1
2024-01-07 15:00:00,265.3,82.0,10.09,1
2024-01-07 16:00:00,264.5,82.2,10.54,1
2024-01-07 17:00:00,263.8,82.9,11.06,1
2024-01-07 18:00:00,269.7,80.9,11.12,1
2024-01-07 19:00:00,261.0,80.8,9.93,1
2024-01-07 20:00:00,263.8,80.9,10.42,1
2024-01-07 21:00:00,258.2,82.3,11.16,1
2024-01-07 22:00:00,261.5,83.2,10.78,1
2024-01-07 23:00:00,258.8,81.6,10.65,1
2024-01-08 00:00:00,256.1,79.5,10.46,1
2024-01-08 01:00:00,255.1,80.3,10.39,1
2024-01-08 02:00:00,252.3,81.2,10.69,1
2024-01-08 03:00:00,253.7,81.4,10.45,1
2024-01-08 04:00:00,250.2,81.6,10.54,1
2024-01-08 05:00:00,246.9,82.0,10.59,1
2024-01-08 06:00:00,276.8,84.7,11.66,0
2024-01-08 07:00:00,,86.0,12.27,0
2024-01-08 08:00:00,283.9,84.3,13.46,0
2024-01-08 09:00:00,280.4,84.1,11.11,0
2024-01-08 10:00:00,279.7,85.5,12.16,0
2024-01-08 11:00:00,280.7,83.5,11.62,0
2024-01-08 12:00:00,283.3,85.4,12.29,0
2024-01-08 13:00:00,280.5,85.1,12.02,0
2024-01-08 14:00:00,279.0,84.9,12.38,0
2024-01-08 15:00:00,282.8,86.6,12.59,0
2024-01-08 16:00:00,281.1,84.4,12.1,0
2024-01-08 17:00:00,,87.1,12.57,0
2024-01-08 18:00:00,280.5,84.8,10.83,0
2024-01-08 19:00:00,276.9,83.7,12.8,0
2024-01-08 20:00:00,276.6,85.1,12.19,0
2024-01-08 21:00:00,284.1,83.9,12.54,0
2024-01-08 22:00:00,284.3,84.2,11.39,0
2024-01-08 23:00:00,279.6,85.4,11.58,0
2024-01-09 00:00:00,279.0,85.6,12.07,0
2024-01-09 01:00:00,283.7,84.4,11.99,0
2024-01-09 02:00:00,277.2,86.0,12.14,0
2024-01-09 03:00:00,277.8,86.2,12.54,0
2024-01-09 04:00:00,281.6,86.4,11.12,0
2024-01-09 05:00:00,279.0,85.5,12.49,0
2024-01-09 06:00:00,280.0,86.4,12.0,0
2024-01-09 07:00:00,279.6,83.1,11.9,0
2024-01-09 08:00:00,280.8,84.7,11.26,0
2024-01-09 09:00:00,283.5,84.1,12.25,0
2024-01-09 10:00:00,280.2,85.1,10.79,0
2024-01-09 11:00:00,281.6,84.4,12.32,0
2024-01-09 12:00:00,274.9,84.8,11.25,0
2024-01-09 13:00:00,279.9,86.9,12.03,0
2024-01-09 14:00:00,277.9,84.8,11.94,0
2024-01-09 15:00:00,277.0,85.4,12.58,0
2024-01-09 16:00:00,277.8,84.8,11.91,0
2024-01-09 17:00:00,279.2,85.1,11.65,0
2024-01-09 18:00:00,282.3,85.0,11.75,0
2024-01-09 19:00:00,276.7,85.4,12.64,0
2024-01-09 20:00:00,280.1,86.2,12.27,0
2024-01-09 21:00:00,278.8,86.6,11.81,0
2024-01-09 22:00:00,279.2,85.3,11.88,0
2024-01-09 23:00:00,282.5,85.6,11.22,0
2024-01-10 00:00:00,281.3,83.8,12.19,0
2024-01-10 01:00:00,283.3,84.9,11.12,0
2024-01-10 02:00:00,279.6,85.9,12.38,0
2024-01-10 03:00:00,278.3,85.9,12.06,0
2024-01-10 04:00:00,279.4,85.2,13.19,0
2024-01-10 05:00:00,280.6,85.9,11.45,0
2024-01-10 06:00:00,280.4,85.5,11.95,0
2024-01-10 07:00:00,277.3,86.2,12.9,0
2024-01-10 08:00:00,280.2,85.3,12.6,0
2024-01-10 09:00:00,280.6,84.6,11.65,0
2024-01-10 10:00:00,286.3,85.3,12.11,0
2024-01-10 11:00:00,284.7,82.1,12.0,0
2024-01-10 12:00:00,277.9,85.4,12.14,0
2024-01-10 13:00:00,279.3,81.4,11.65,0
2024-01-10 14:00:00,276.3,83.3,11.96,0
2024-01-10 15:00:00,278.5,85.5,11.2,0
2024-01-10 16:00:00,280.8,85.5,12.07,0
2024-01-10 17:00:00,283.0,83.8,12.23,0
2024-01-10 18:00:00,278.2,84.3,11.89,0
2024-01-10 19:00:00,278.4,86.4,11.19,0
2024-01-10 20:00:00,274.6,84.5,12.49,0
2024-01-10 21:00:00,279.6,87.2,12.18,0
2024-01-10 22:00:00,277.3,85.0,11.64,0
2024-01-10 23:00:00,278.7,85.4,11.86,0
2024-01-11 00:00:00,277.8,86.6,11.25,0
2024-01-11 01:00:00,279.8,85.1,11.49,0
2024-01-11 02:00:00,275.6,84.0,11.73,0
2024-01-11 03:00:00,276.3,84.9,12.61,0
2024-01-11 04:00:00,285.3,85.0,11.68,0
2024-01-11 05:00:00,276.8,83.6,12.32,0
2024-01-11 06:00:00,277.3,84.7,11.73,0
2024-01-11 07:00:00,284.6,84.3,12.12,0
2024-01-11 08:00:00,287.3,85.9,11.93,0
2024-01-11 09:00:00,277.1,85.0,12.44,0
2024-01-11 10:00:00,279.1,84.7,11.73,0
2024-01-11 11:00:00,280.9,84.9,11.21,0
2024-01-11 12:00:00,284.3,85.2,11.31,0
2024-01-11 13:00:00,277.5,85.6,11.73,0
2024-01-11 14:00:00,279.4,84.0,11.38,0
2024-01-11 15:00:00,281.9,84.0,12.21,0
2024-01-11 16:00:00,281.1,86.1,11.77,0
2024-01-11 17:00:00,279.1,84.6,13.19,0
2024-01-11 18:00:00,279.7,83.6,11.13,0
2024-01-11 19:00:00,276.6,85.4,12.1,0
2024-01-11 20:00:00,279.4,85.5,11.44,0
2024-01-11 21:00:00,279.3,83.5,11.75,0
2024-01-11 22:00:00,280.6,85.2,12.07,0
2024-01-11 23:00:00,278.6,85.7,10.84,0
2024-01-12 00:00:00,281.2,85.4,12.12,0
2024-01-12 01:00:00,282.5,85.6,12.95,0
2024-01-12 02:00:00,280.4,83.6,11.77,0
2024-01-12 03:00:00,280.9,85.3,12.13,0
2024-01-12 04:00:00,280.1,84.7,12.51,0
2024-01-12 05:00:00,280.0,84.5,11.92,0
2024-01-12 06:00:00,278.2,85.9,11.71,0
2024-01-12 07:00:00,280.8,86.5,10.86,0
2024-01-12 08:00:00,279.8,86.8,12.32,0
2024-01-12 09:00:00,285.2,86.3,11.94,0
2024-01-12 10:00:00,283.9,84.9,11.49,0
2024-01-12 11:00:00,281.0,85.4,12.06,0
2024-01-12 12:00:00,278.1,85.8,11.71,0
2024-01-12 13:00:00,277.2,85.1,11.74,0
2024-01-12 14:00:00,283.0,85.1,12.3,0
2024-01-12 15:00:00,280.7,85.8,11.33,0
2024-01-12 16:00:00,281.2,84.9,12.52,0
2024-01-12 17:00:00,275.6,84.3,11.3,0
2024-01-12 18:00:00,282.3,84.6,11.67,0
2024-01-12 19:00:00,281.1,85.6,12.96,0
2024-01-12 20:00:00,277.2,85.0,12.56,0
2024-01-12 21:00:00,278.8,85.3,12.05,0
2024-01-12 22:00:00,280.7,85.7,11.53,0
2024-01-12 23:00:00,280.1,84.6,11.74,0
2024-01-13 00:00:00,279.3,85.8,12.04,0
2024-01-13 01:00:00,279.7,85.4,12.02,0
2024-01-13 02:00:00,279.4,83.8,11.95,0
2024-01-13 03:00:00,280.4,86.4,11.98,0
2024-01-13 04:00:00,283.7,84.5,11.89,0
2024-01-13 05:00:00,273.6,83.3,11.28,0
2024-01-13 06:00:00,279.4,84.0,11.74,0
2024-01-13 07:00:00,280.4,84.0,12.46,0
2024-01-13 08:00:00,280.7,85.1,11.32,0
2024-01-13 09:00:00,279.1,84.7,11.91,0
2024-01-13 10:00:00,275.6,84.7,11.59,0
2024-01-13 11:00:00,280.8,85.6,12.06,0
2024-01-13 12:00:00,284.3,85.3,11.81,0
2024-01-13 13:00:00,276.2,85.3,12.74,0
2024-01-13 14:00:00,282.2,85.4,12.25,0
2024-01-13 15:00:00,279.2,85.6,11.34,0
2024-01-13 16:00:00,279.8,82.9,12.34,0
2024-01-13 17:00:00,277.4,84.6,11.61,0
2024-01-13 18:00:00,279.2,82.8,11.71,0
2024-01-13 19:00:00,283.3,85.0,12.16,0
2024-01-13 20:00:00,281.5,85.0,11.75,0
2024-01-13 21:00:00,284.3,86.0,12.45,0
2024-01-13 22:00:00,282.9,86.2,11.61,0
2024-01-13 23:00:00,281.1,85.2,11.69,0
2024-01-14 00:00:00,284.4,84.5,11.67,0
2024-01-14 01:00:00,281.1,85.5,11.72,0
2024-01-14 02:00:00,282.1,84.5,12.55,0
2024-01-14 03:00:00,279.3,85.0,12.31,0
2024-01-14 04:00:00,280.2,86.0,12.85,0
2024-01-14 05:00:00,278.3,84.4,13.13,0
2024-01-14 06:00:00,282.5,85.8,11.48,0
2024-01-14 07:00:00,277.1,85.7,12.04,0
2024-01-14 08:00:00,282.0,84.0,11.41,0
2024-01-14 09:00:00,279.5,86.0,11.61,0
2024-01-14 10:00:00,282.9,85.7,11.68,0
2024-01-14 11:00:00,281.9,85.1,11.47,0
2024-01-14 12:00:00,284.6,84.2,11.47,0
2024-01-14 13:00:00,,84.1,11.93,0
2024-01-14 14:00:00,276.1,84.5,11.39,0
2024-01-14 15:00:00,279.8,85.5,12.42,0
2024-01-14 16:00:00,277.1,84.0,11.54,0
2024-01-14 17:00:00,278.7,85.4,13.4,0
2024-01-14 18:00:00,,83.8,11.77,0
2024-01-14 19:00:00,281.6,84.8,12.04,0
2024-01-14 20:00:00,278.3,85.1,11.35,0
2024-01-14 21:00:00,277.5,87.4,12.85,0
2024-01-14 22:00:00,280.1,83.6,12.56,0
2024-01-14 23:00:00,277.0,86.5,12.15,0
2024-01-15 00:00:00,278.3,85.1,11.33,0
2024-01-15 01:00:00,280.8,85.4,12.11,0
2024-01-15 02:00:00,282.9,85.1,11.44,0
2024-01-15 03:00:00,281.5,85.4,12.73,0
2024-01-15 04:00:00,274.3,84.8,12.4,0
2024-01-15 05:00:00,280.8,86.5,12.05,0
2024-01-15 06:00:00,280.2,84.5,10.78,0
2024-01-15 07:00:00,281.0,86.1,11.51,0
2024-01-15 08:00:00,284.0,84.4,12.34,0
2024-01-15 09:00:00,274.8,84.9,12.61,0
2024-01-15 10:00:00,278.5,83.9,12.55,0
2024-01-15 11:00:00,281.5,85.5,11.2,0
2024-01-15 12:00:00,,86.4,12.15,0
2024-01-15 13:00:00,283.7,84.9,12.51,0
2024-01-15 14:00:00,280.9,84.8,11.17,0
2024-01-15 15:00:00,282.1,83.9,12.0,0
2024-01-15 16:00:00,278.6,84.8,12.14,0
2024-01-15 17:00:00,282.0,83.4,11.85,0
2024-01-15 18:00:00,282.7,84.1,11.07,0
2024-01-15 19:00:00,280.6,85.2,11.84,0
2024-01-15 20:00:00,280.6,86.3,11.84,0
2024-01-15 21:00:00,280.7,87.8,11.93,0
2024-01-15 22:00:00,277.8,84.4,11.72,0
2024-01-15 23:00:00,279.6,86.4,11.78,0
2024-01-16 00:00:00,279.6,85.2,11.98,0
2024-01-16 01:00:00,281.0,84.8,12.22,0
2024-01-16 02:00:00,,85.4,11.85,0
2024-01-16 03:00:00,277.4,85.1,11.8,0
2024-01-16 04:00:00,279.7,85.1,12.05,0
2024-01-16 05:00:00,283.7,84.6,11.04,0
2024-01-16 06:00:00,278.1,83.6,12.24,0
2024-01-16 07:00:00,277.9,83.5,12.0,0
2024-01-16 08:00:00,280.5,85.7,12.02,0
2024-01-16 09:00:00,282.1,84.7,12.48,0
2024-01-16 10:00:00,280.0,84.4,11.02,0
2024-01-16 11:00:00,283.3,85.0,11.01,0
2024-01-16 12:00:00,,85.8,12.14,0
2024-01-16 13:00:00,282.1,85.2,12.0,0
2024-01-16 14:00:00,281.4,84.3,12.09,0
2024-01-16 15:00:00,285.8,86.2,11.77,0
2024-01-16 16:00:00,,86.6,12.33,0
2024-01-16 17:00:00,275.0,85.5,12.47,0
2024-01-16 18:00:00,284.0,86.0,12.24,0
2024-01-16 19:00:00,278.9,86.2,11.87,0
2024-01-16 20:00:00,280.3,86.1,10.95,0
2024-01-16 21:00:00,283.3,85.6,12.38,0
2024-01-16 22:00:00,276.0,85.6,12.61,0
2024-01-16 23:00:00,276.9,85.5,12.32,0
2024-01-17 00:00:00,276.0,83.9,11.56,0
2024-01-17 01:00:00,278.0,85.7,12.34,0
2024-01-17 02:00:00,281.1,83.6,12.43,0
2024-01-17 03:00:00,281.3,84.2,12.78,0
2024-01-17 04:00:00,280.7,86.3,11.56,0
2024-01-17 05:00:00,276.5,85.8,11.89,0
2024-01-17 06:00:00,274.2,86.5,12.37,0
2024-01-17 07:00:00,280.1,84.7,12.03,0
2024-01-17 08:00:00,278.8,83.8,11.44,0
2024-01-17 09:00:00,281.1,84.8,12.21,0
2024-01-17 10:00:00,281.8,85.1,12.29,0
2024-01-17 11:00:00,280.3,85.1,12.04,0
2024-01-17 12:00:00,281.9,86.1,12.11,0
2024-01-17 13:00:00,280.6,84.6,11.87,0
2024-01-17 14:00:00,281.3,85.4,12.74,0
2024-01-17 15:00:00,278.2,84.0,11.55,0
2024-01-17 16:00:00,279.6,82.5,10.3,1
2024-01-17 17:00:00,279.5,82.0,10.56,1
2024-01-17 18:00:00,280.0,81.3,10.95,1
2024-01-17 19:00:00,275.9,81.8,9.9,1
2024-01-17 20:00:00,277.2,81.8,9.98,1
2024-01-17 21:00:00,274.2,81.7,9.66,1
2024-01-17 22:00:00,273.5,83.8,10.57,1
2024-01-17 23:00:00,274.8,81.9,10.07,1
2024-01-18 00:00:00,266.7,81.8,10.39,1
2024-01-18 01:00:00,267.4,79.9,10.85,1
2024-01-18 02:00:00,265.9,81.1,10.28,1
2024-01-18 03:00:00,262.8,81.7,10.66,1
2024-01-18 04:00:00,265.9,81.3,10.43,1
2024-01-18 05:00:00,268.4,83.4,10.86,1
2024-01-18 06:00:00,264.8,81.8,10.77,1
2024-01-18 07:00:00,265.0,83.3,10.26,1
2024-01-18 08:00:00,266.2,82.1,10.49,1
2024-01-18 09:00:00,265.7,82.0,11.02,1
2024-01-18 10:00:00,261.2,81.9,10.73,1
2024-01-18 11:00:00,263.7,82.0,9.95,1
2024-01-18 12:00:00,259.5,83.7,10.85,1
2024-01-18 13:00:00,256.2,79.7,10.08,1
2024-01-18 14:00:00,255.8,80.0,11.18,1
2024-01-18 15:00:00,252.5,81.5,11.01,1
2024-01-18 16:00:00,253.0,82.0,10.69,1
2024-01-18 17:00:00,253.2,82.7,10.63,1
2024-01-18 18:00:00,255.1,82.5,10.47,1
2024-01-18 19:00:00,256.4,81.6,10.86,1
2024-01-18 20:00:00,247.6,83.0,10.4,1
2024-01-18 21:00:00,251.0,83.0,10.66,1
2024-01-18 22:00:00,277.4,85.2,12.44,0
2024-01-18 23:00:00,281.2,86.0,11.72,0
2024-01-19 00:00:00,279.7,85.3,11.69,0
2024-01-19 01:00:00,275.4,84.4,11.4,0
2024-01-19 02:00:00,282.3,85.7,11.47,0
2024-01-19 03:00:00,278.5,85.1,11.09,0
2024-01-19 04:00:00,278.7,85.0,12.36,0
2024-01-19 05:00:00,277.3,86.5,12.9,0
2024-01-19 06:00:00,278.4,82.5,12.71,0
2024-01-19 07:00:00,281.1,83.6,11.19,0
2024-01-19 08:00:00,279.5,83.8,12.36,0
2024-01-19 09:00:00,280.8,84.6,12.71,0
2024-01-19 10:00:00,280.9,84.7,11.77,0
2024-01-19 11:00:00,283.3,83.5,12.05,0
2024-01-19 12:00:00,279.1,84.0,11.0,0
2024-01-19 13:00:00,276.3,84.1,12.13,0
2024-01-19 14:00:00,282.7,87.5,11.47,0
2024-01-19 15:00:00,279.2,86.8,12.1,0
2024-01-19 16:00:00,282.8,84.6,11.22,0
2024-01-19 17:00:00,281.0,84.6,12.27,0
2024-01-19 18:00:00,279.7,83.9,12.51,0
2024-01-19 19:00:00,280.9,83.1,11.61,0
2024-01-19 20:00:00,284.9,84.9,11.43,0
2024-01-19 21:00:00,285.2,84.0,10.92,0
2024-01-19 22:00:00,280.2,84.9,11.87,0
2024-01-19 23:00:00,280.4,83.4,11.71,0
2024-01-20 00:00:00,282.7,84.2,11.22,0
2024-01-20 01:00:00,277.9,85.1,12.23,0
2024-01-20 02:00:00,280.8,85.4,11.78,0
2024-01-20 03:00:00,279.9,85.4,11.46,0
2024-01-20 04:00:00,280.8,83.7,11.72,0
2024-01-20 05:00:00,277.9,85.9,12.54,0
2024-01-20 06:00:00,276.0,84.2,12.3,0
2024-01-20 07:00:00,274.8,85.6,11.93,0
2024-01-20 08:00:00,277.2,85.0,12.31,0
2024-01-20 09:00:00,278.9,83.6,11.42,0
2024-01-20 10:00:00,279.3,84.7,12.02,0
2024-01-20 11:00:00,284.8,85.4,12.07,0
2024-01-20 12:00:00,282.8,85.6,11.77,0
2024-01-20 13:00:00,277.6,84.9,12.22,0
2024-01-20 14:00:00,280.9,86.5,11.61,0
2024-01-20 15:00:00,279.0,86.0,12.25,0
2024-01-20 16:00:00,279.3,84.7,12.28,0
2024-01-20 17:00:00,280.5,85.8,10.54,0
2024-01-20 18:00:00,281.5,86.9,12.6,0
2024-01-20 19:00:00,279.2,87.0,10.48,0
2024-01-20 20:00:00,282.7,83.8,11.69,0
2024-01-20 21:00:00,277.1,84.1,12.51,0
2024-01-20 22:00:00,280.0,86.5,11.84,0
2024-01-20 23:00:00,286.5,83.9,11.27,0
2024-01-21 00:00:00,280.6,83.7,11.45,0
2024-01-21 01:00:00,283.6,84.5,12.51,0
2024-01-21 02:00:00,280.2,85.4,11.04,0
2024-01-21 03:00:00,281.5,84.9,12.56,0
2024-01-21 04:00:00,279.9,84.3,11.97,0
2024-01-21 05:00:00,279.6,84.3,11.4,0
2024-01-21 06:00:00,278.1,84.3,11.71,0
2024-01-21 07:00:00,281.1,84.1,11.49,0
2024-01-21 08:00:00,277.9,87.3,12.43,0
2024-01-21 09:00:00,281.7,85.3,12.37,0
2024-01-21 10:00:00,282.7,85.9,11.14,0
2024-01-21 11:00:00,280.9,84.5,11.8,0
2024-01-21 12:00:00,279.3,84.8,11.57,0
2024-01-21 13:00:00,281.1,84.3,12.65,0
2024-01-21 14:00:00,279.2,82.3,11.32,0
2024-01-21 15:00:00,282.3,83.6,12.8,0
2024-01-21 16:00:00,275.4,83.2,11.98,0
2024-01-21 17:00:00,279.2,82.8,11.42,0
2024-01-21 18:00:00,275.0,83.8,11.66,0
2024-01-21 19:00:00,276.3,86.3,11.6,0
2024-01-21 20:00:00,283.4,85.0,11.36,0
2024-01-21 21:00:00,282.2,86.3,12.05,0
2024-01-21 22:00:00,278.2,85.4,11.39,0
2024-01-21 23:00:00,276.2,85.8,10.91,0
2024-01-22 00:00:00,272.6,84.1,11.81,0
2024-01-22 01:00:00,278.6,85.5,11.1,0
2024-01-22 02:00:00,286.1,85.7,11.62,0
2024-01-22 03:00:00,281.1,84.4,11.55,0
2024-01-22 04:00:00,278.6,85.6,11.56,0
2024-01-22 05:00:00,281.2,85.6,13.0,0
2024-01-22 06:00:00,,84.5,12.03,0
2024-01-22 07:00:00,279.3,83.9,12.12,0
2024-01-22 08:00:00,280.2,83.8,11.11,0
2024-01-22 09:00:00,279.8,85.1,11.67,0
2024-01-22 10:00:00,282.0,85.3,12.11,0
2024-01-22 11:00:00,280.9,84.2,11.49,0
2024-01-22 12:00:00,281.7,85.0,12.45,0
2024-01-22 13:00:00,278.3,85.6,11.4,0
2024-01-22 14:00:00,282.2,85.6,11.86,0
2024-01-22 15:00:00,284.1,86.6,11.71,0
2024-01-22 16:00:00,277.6,86.3,12.08,0
2024-01-22 17:00:00,277.8,84.0,11.68,0
2024-01-22 18:00:00,,86.7,11.86,0
2024-01-22 19:00:00,279.5,84.5,11.88,0
2024-01-22 20:00:00,283.5,86.0,11.63,0
2024-01-22 21:00:00,278.9,85.1,12.24,0
2024-01-22 22:00:00,283.6,84.6,12.12,0
2024-01-22 23:00:00,280.3,83.2,11.96,0
2024-01-23 00:00:00,280.6,84.8,11.78,0
2024-01-23 01:00:00,283.9,83.4,12.4,0
2024-01-23 02:00:00,279.1,86.0,11.88,0
2024-01-23 03:00:00,277.6,86.5,11.85,0
2024-01-23 04:00:00,278.9,84.2,12.05,0
2024-01-23 05:00:00,281.1,85.3,12.85,0
2024-01-23 06:00:00,276.1,84.3,11.33,0
2024-01-23 07:00:00,281.6,84.4,12.38,0
2024-01-23 08:00:00,278.7,85.8,11.05,0
2024-01-23 09:00:00,282.9,85.0,12.11,0
2024-01-23 10:00:00,274.0,86.7,12.79,0
2024-01-23 11:00:00,278.0,84.5,12.24,0
2024-01-23 12:00:00,275.8,86.0,12.09,0
2024-01-23 13:00:00,277.9,85.1,11.72,0
2024-01-23 14:00:00,280.6,85.8,12.02,0
2024-01-23 15:00:00,279.6,84.6,11.87,0
2024-01-23 16:00:00,279.4,85.0,11.61,0
2024-01-23 17:00:00,279.6,84.9,11.86,0
2024-01-23 18:00:00,280.5,84.2,12.1,0
2024-01-23 19:00:00,277.5,85.7,11.62,0
2024-01-23 20:00:00,281.8,85.7,11.6,0
2024-01-23 21:00:00,281.7,85.6,11.32,0
2024-01-23 22:00:00,281.0,86.5,12.2,0
2024-01-23 23:00:00,281.4,86.4,12.27,0
2024-01-24 00:00:00,280.7,84.6,12.12,0
2024-01-24 01:00:00,285.1,85.4,12.48,0
2024-01-24 02:00:00,279.8,84.4,12.04,0
2024-01-24 03:00:00,279.2,85.0,12.2,0
2024-01-24 04:00:00,278.1,84.4,12.15,0
2024-01-24 05:00:00,277.4,86.6,11.95,0
2024-01-24 06:00:00,276.9,85.4,11.73,0
2024-01-24 07:00:00,277.8,84.8,13.11,0
2024-01-24 08:00:00,279.8,86.2,11.77,0
2024-01-24 09:00:00,280.8,82.8,11.67,0
2024-01-24 10:00:00,280.1,83.0,12.22,0
2024-01-24 11:00:00,278.1,85.8,12.13,0
2024-01-24 12:00:00,282.3,85.1,11.3,0
2024-01-24 13:00:00,281.8,85.3,12.56,0
2024-01-24 14:00:00,279.6,83.7,11.95,0
2024-01-24 15:00:00,278.4,85.0,11.44,0
2024-01-24 16:00:00,281.4,87.0,12.59,0
2024-01-24 17:00:00,280.5,85.8,12.31,0
2024-01-24 18:00:00,276.4,85.2,11.37,0
2024-01-24 19:00:00,279.8,84.6,12.89,0
2024-01-24 20:00:00,280.7,84.6,12.33,0
2024-01-24 21:00:00,277.8,82.9,11.99,0
2024-01-24 22:00:00,280.5,85.3,12.8,0
2024-01-24 23:00:00,276.4,85.8,12.08,0
2024-01-25 00:00:00,283.3,83.4,11.99,0
2024-01-25 01:00:00,283.1,84.3,11.67,0
2024-01-25 02:00:00,279.4,83.8,12.29,0
2024-01-25 03:00:00,280.9,84.0,12.24,0
2024-01-25 04:00:00,274.0,85.1,12.01,0
2024-01-25 05:00:00,277.1,82.9,11.61,0
2024-01-25 06:00:00,279.3,85.6,12.06,0
2024-01-25 07:00:00,277.3,85.8,11.97,0
2024-01-25 08:00:00,281.8,84.7,11.33,0
2024-01-25 09:00:00,285.0,82.5,11.26,0
2024-01-25 10:00:00,277.1,84.0,12.28,0
2024-01-25 11:00:00,277.9,86.2,10.7,0
2024-01-25 12:00:00,280.6,82.2,12.1,0
2024-01-25 13:00:00,284.0,84.7,11.76,0
2024-01-25 14:00:00,276.9,83.8,12.65,0
2024-01-25 15:00:00,280.6,85.8,11.75,0
2024-01-25 16:00:00,284.6,84.3,12.33,0
2024-01-25 17:00:00,275.9,85.4,11.8,0
2024-01-25 18:00:00,276.8,85.6,12.06,0
2024-01-25 19:00:00,278.9,86.8,12.37,0
2024-01-25 20:00:00,278.7,84.8,11.77,0
2024-01-25 21:00:00,282.0,85.4,12.5,0
2024-01-25 22:00:00,280.6,83.5,11.5,0
2024-01-25 23:00:00,275.6,86.2,12.15,0
2024-01-26 00:00:00,281.3,81.2,10.97,1
2024-01-26 01:00:00,275.8,81.4,10.85,1
2024-01-26 02:00:00,277.7,82.0,11.4,1
2024-01-26 03:00:00,270.2,80.4,10.22,1
2024-01-26 04:00:00,267.5,82.2,9.95,1
2024-01-26 05:00:00,267.7,83.0,10.12,1
2024-01-26 06:00:00,265.5,82.3,10.85,1
2024-01-26 07:00:00,262.0,80.4,10.78,1
2024-01-26 08:00:00,254.0,81.9,10.6,1
2024-01-26 09:00:00,256.8,82.7,10.07,1
2024-01-26 10:00:00,250.1,80.1,10.9,1
2024-01-26 11:00:00,250.6,80.9,10.02,1
2024-01-26 12:00:00,276.4,85.9,12.58,0
2024-01-26 13:00:00,281.1,85.3,13.43,0
2024-01-26 14:00:00,278.0,85.4,12.18,0
2024-01-26 15:00:00,276.8,86.9,12.29,0
2024-01-26 16:00:00,281.8,85.5,11.75,0
2024-01-26 17:00:00,280.6,85.7,11.09,0
2024-01-26 18:00:00,278.5,87.7,11.7,0
2024-01-26 19:00:00,283.6,84.8,11.45,0
2024-01-26 20:00:00,278.9,84.2,11.28,0
2024-01-26 21:00:00,280.1,85.4,12.86,0
2024-01-26 22:00:00,280.7,85.4,12.14,0
2024-01-26 23:00:00,278.5,84.5,12.19,0
2024-01-27 00:00:00,281.2,84.0,11.85,0
2024-01-27 01:00:00,278.7,87.3,11.91,0
2024-01-27 02:00:00,279.0,85.3,12.48,0
2024-01-27 03:00:00,283.4,84.3,11.98,0
2024-01-27 04:00:00,277.4,85.9,12.27,0
2024-01-27 05:00:00,274.0,84.9,11.9,0
2024-01-27 06:00:00,284.0,84.7,11.83,0
2024-01-27 07:00:00,286.4,85.6,11.3,0
2024-01-27 08:00:00,279.0,83.7,11.01,0
2024-01-27 09:00:00,275.2,85.4,11.87,0
2024-01-27 10:00:00,279.2,86.9,12.03,0
2024-01-27 11:00:00,279.3,85.5,11.36,0
2024-01-27 12:00:00,279.5,84.6,11.98,0
2024-01-27 13:00:00,277.2,84.5,12.03,0
2024-01-27 14:00:00,281.4,84.6,10.92,0
2024-01-27 15:00:00,281.3,84.7,11.54,0
2024-01-27 16:00:00,276.3,84.6,12.2,0
2024-01-27 17:00:00,281.7,85.9,12.19,0
2024-01-27 18:00:00,285.1,83.3,11.42,0
2024-01-27 19:00:00,280.4,85.9,12.08,0
2024-01-27 20:00:00,279.2,84.6,12.51,0
2024-01-27 21:00:00,279.6,85.4,12.39,0
2024-01-27 22:00:00,281.5,83.9,11.95,0
2024-01-27 23:00:00,275.7,86.3,11.77,0
2024-01-28 00:00:00,280.4,86.2,11.69,0
2024-01-28 01:00:00,279.0,86.0,12.23,0
2024-01-28 02:00:00,284.6,83.5,12.1,0
2024-01-28 03:00:00,279.6,85.8,12.31,0
2024-01-28 04:00:00,284.2,85.4,12.07,0
2024-01-28 05:00:00,277.2,83.4,12.41,0
2024-01-28 06:00:00,281.5,85.0,12.05,0
2024-01-28 07:00:00,280.8,85.4,12.39,0
2024-01-28 08:00:00,277.8,85.6,12.44,0
2024-01-28 09:00:00,280.4,85.2,11.6,0
2024-01-28 10:00:00,283.0,85.3,11.1,0
2024-01-28 11:00:00,279.2,86.5,12.77,0
2024-01-28 12:00:00,275.8,86.2,12.13,0
2024-01-28 13:00:00,280.0,82.1,11.14,0
2024-01-28 14:00:00,277.7,84.7,11.64,0
2024-01-28 15:00:00,279.1,84.8,12.39,0
2024-01-28 16:00:00,,83.2,11.86,0
2024-01-28 17:00:00,275.7,85.1,11.74,0
2024-01-28 18:00:00,276.0,86.2,12.7,0
2024-01-28 19:00:00,281.2,83.9,11.48,0
2024-01-28 20:00:00,278.7,85.3,11.6,0
2024-01-28 21:00:00,273.6,84.1,12.11,0
2024-01-28 22:00:00,282.0,84.3,12.2,0
2024-01-28 23:00:00,,86.5,12.25,0
2024-01-29 00:00:00,278.2,84.5,12.46,0
2024-01-29 01:00:00,276.7,85.5,12.1,0
2024-01-29 02:00:00,282.1,83.1,12.24,0
2024-01-29 03:00:00,280.9,86.9,11.87,0
2024-01-29 04:00:00,286.0,85.6,12.03,0
2024-01-29 05:00:00,281.1,84.8,12.05,0
2024-01-29 06:00:00,,85.6,12.11,0
2024-01-29 07:00:00,279.6,83.6,12.39,0
2024-01-29 08:00:00,282.0,86.2,12.28,0
2024-01-29 09:00:00,281.6,84.7,12.02,0
2024-01-29 10:00:00,283.1,84.8,11.6,0
2024-01-29 11:00:00,278.7,84.5,12.03,0
2024-01-29 12:00:00,278.9,84.4,11.99,0
2024-01-29 13:00:00,278.8,85.7,12.1,0
2024-01-29 14:00:00,282.0,85.3,13.1,0
2024-01-29 15:00:00,283.7,85.7,11.74,0
2024-01-29 16:00:00,278.9,85.0,12.21,0
2024-01-29 17:00:00,278.9,85.5,12.53,0
2024-01-29 18:00:00,280.8,84.6,12.05,0
2024-01-29 19:00:00,279.4,87.2,13.17,0
2024-01-29 20:00:00,282.4,83.4,11.81,0
2024-01-29 21:00:00,274.4,86.3,12.16,0
2024-01-29 22:00:00,277.9,86.4,11.6,0
2024-01-29 23:00:00,278.0,84.1,11.82,0
2024-01-30 00:00:00,274.2,87.2,12.12,0
2024-01-30 01:00:00,277.6,86.0,12.42,0
2024-01-30 02:00:00,277.7,86.0,12.16,0
2024-01-30 03:00:00,279.5,85.0,12.63,0
2024-01-30 04:00:00,282.8,84.8,11.95,0
2024-01-30 05:00:00,279.4,84.8,11.83,0
2024-01-30 06:00:00,277.4,85.4,13.35,0
2024-01-30 07:00:00,279.9,86.4,12.2,0
2024-01-30 08:00:00,282.6,85.2,11.64,0
2024-01-30 09:00:00,277.6,84.1,11.65,0
2024-01-30 10:00:00,277.7,85.8,11.53,0
2024-01-30 11:00:00,281.4,85.9,12.47,0
2024-01-30 12:00:00,279.4,85.7,11.82,0
2024-01-30 13:00:00,281.6,85.7,12.06,0
2024-01-30 14:00:00,280.0,84.7,11.97,0
2024-01-30 15:00:00,281.8,84.1,12.37,0
2024-01-30 16:00:00,277.4,84.1,11.58,0
2024-01-30 17:00:00,,83.4,11.46,0
2024-01-30 18:00:00,279.5,85.2,12.11,0
2024-01-30 19:00:00,277.0,84.9,12.3,0
2024-01-30 20:00:00,276.1,84.6,12.17,0
2024-01-30 21:00:00,281.7,82.0,11.6,0
2024-01-30 22:00:00,279.1,83.8,12.34,0
2024-01-30 23:00:00,277.4,86.1,11.63,0
